Person.ID,First.name,Last.name,Party,Constituency,PCON22CD,DisplayName,SocialistCampaignGroup,TribuneGroup,OneNation,TRG_Patron,ERG_Subscriber
10001,Diane,Abbott,Labour,Hackney North and Stoke Newington,E14000720,Diane ABBOTT (Hackney North and Stoke Newington),1,0,0,0,0
25034,Debbie,Abrahams,Labour,Oldham East and Saddleworth,E14000870,Debbie ABRAHAMS (Oldham East and Saddleworth),0,1,0,0,0
25661,Bim,Afolami,Conservative,Hitchin and Harpenden,E14000749,Bim AFOLAMI (Hitchin and Harpenden),0,0,1,1,1
11929,Adam,Afriyie,Conservative,Windsor,E14001042,Adam AFRIYIE (Windsor),0,0,0,0,0
25817,Nickie,Aiken,Conservative,Cities of London and Westminster,E14000639,Nickie AIKEN (Cities of London and Westminster),0,0,0,0,0
24904,Peter,Aldous,Conservative,Waveney,E14001022,Peter ALDOUS (Waveney),0,0,0,0,0
24958,Rushanara,Ali,Labour,Bethnal Green and Bow,E14000555,Rushanara ALI (Bethnal Green and Bow),0,1,0,0,0
25888,Tahir,Ali,Labour,"Birmingham, Hall Green",E14000562,"Tahir ALI (Birmingham, Hall Green)",1,0,0,0,0
25337,Lucy,Allan,Conservative,Telford,E14000989,Lucy ALLAN (Telford),0,0,0,0,0
25579,Rosena,Allin-Khan,Labour,Tooting,E14000998,Rosena ALLIN-KHAN (Tooting),0,1,0,0,0
25702,Mike,Amesbury,Labour,Weaver Vale,E14001024,Mike AMESBURY (Weaver Vale),0,0,0,0,0
25813,Fleur,Anderson,Labour,Putney,E14000887,Fleur ANDERSON (Putney),0,0,0,0,0
25894,Lee,Anderson,Conservative,Ashfield,E14000535,Lee ANDERSON (Ashfield),0,0,0,0,0
25818,Stuart,Anderson,Conservative,Wolverhampton South West,E14001051,Stuart ANDERSON (Wolverhampton South West),0,0,0,0,0
24864,Stuart,Andrew,Conservative,Pudsey,E14000886,Stuart ANDREW (Pudsey),0,0,0,1,0
25335,Caroline,Ansell,Conservative,Eastbourne,E14000684,Caroline ANSELL (Eastbourne),0,0,0,0,0
25634,Tonia,Antoniazzi,Labour,Gower,W07000046,Tonia ANTONIAZZI (Gower),0,0,0,0,0
25396,Edward,Argar,Conservative,Charnwood,E14000625,Edward ARGAR (Charnwood),0,0,0,0,0
25120,Jon,Ashworth,Labour,Leicester South,E14000783,Jon ASHWORTH (Leicester South),0,1,0,0,0
25810,Sarah,Atherton,Conservative,Wrexham,W07000044,Sarah ATHERTON (Wrexham),0,0,0,0,0
25424,Victoria,Atkins,Conservative,Louth and Horncastle,E14000798,Victoria ATKINS (Louth and Horncastle),0,0,0,1,0
25750,Gareth,Bacon,Conservative,Orpington,E14000872,Gareth BACON (Orpington),0,0,0,0,0
10707,Richard,Bacon,Conservative,South Norfolk,E14000941,Richard BACON (South Norfolk),0,0,0,0,0
25693,Kemi,Badenoch,Conservative,Saffron Walden,E14000910,Kemi BADENOCH (Saffron Walden),0,0,0,0,0
25814,Shaun,Bailey,Conservative,West Bromwich West,E14001030,Shaun BAILEY (West Bromwich West),0,0,0,0,0
25838,Siobhan,Baillie,Conservative,Stroud,E14000980,Siobhan BAILLIE (Stroud),0,0,0,0,0
25844,Duncan,Baker,Conservative,North Norfolk,E14000848,Duncan BAKER (North Norfolk),0,0,0,0,0
24786,Steven,Baker,Conservative,Wycombe,E14001056,Steven BAKER (Wycombe),0,0,0,0,1
24785,Harriett,Baldwin,Conservative,West Worcestershire,E14001035,Harriett BALDWIN (West Worcestershire),0,0,0,0,0
24916,Steve,Barclay,Conservative,North East Cambridgeshire,E14000842,Steve BARCLAY (North East Cambridgeshire),0,0,0,0,0
25409,Hannah,Bardell,Scottish National Party,Livingston,S14000044,Hannah BARDELL (Livingston),0,0,0,0,0
25819,Paula,Barker,Labour,"Liverpool, Wavertree",E14000795,"Paula BARKER (Liverpool, Wavertree)",1,0,0,0,0
10715,John,Baron,Conservative,Basildon and Billericay,E14000544,John BARON (Basildon and Billericay),0,0,0,0,0
25799,Simon,Baynes,Conservative,Clwyd South,W07000062,Simon BAYNES (Clwyd South),0,0,0,0,0
10031,Margaret,Beckett,Labour,Derby South,E14000663,Margaret BECKETT (Derby South),0,1,0,0,0
25726,Órfhlaith,Begley,Sinn Féin,West Tyrone,N06000018,ÓrfhlaithBEGLEY (West Tyrone),0,0,0,0,0
25914,Apsana,Begum,Labour,Poplar and Limehouse,E14000882,Apsana BEGUM (Poplar and Limehouse),1,0,0,0,0
25916,Aaron,Bell,Conservative,Newcastle-under-Lyme,E14000834,Aaron BELL (Newcastle-under-Lyme),0,0,0,0,0
10669,Hilary,Benn,Labour,Leeds Central,E14000777,Hilary BENN (Leeds Central),0,0,0,0,0
25800,Scott,Benton,Conservative,Blackpool South,E14000573,Scott BENTON (Blackpool South),0,0,0,0,0
10041,Paul,Beresford,Conservative,Mole Valley,E14000824,Paul BERESFORD (Mole Valley),0,0,0,0,0
24860,Jake,Berry,Conservative,Rossendale and Darwen,E14000902,Jake BERRY (Rossendale and Darwen),0,0,0,0,0
10045,Clive,Betts,Labour,Sheffield South East,E14000920,Clive BETTS (Sheffield South East),0,1,0,0,0
25847,Saqib,Bhatti,Conservative,Meriden,E14000812,Saqib BHATTI (Meriden),0,0,0,0,0
25269,Mhairi,Black,Scottish National Party,Paisley and Renfrewshire South,S14000053,Mhairi BLACK (Paisley and Renfrewshire South),0,0,0,0,0
25361,Ian,Blackford,Scottish National Party,"Ross, Skye and Lochaber",S14000055,"Ian BLACKFORD (Ross, Skye and Lochaber)",0,0,0,0,0
24945,Bob,Blackman,Conservative,Harrow East,E14000731,Bob BLACKMAN (Harrow East),0,0,0,0,0
25314,Kirsty,Blackman,Scottish National Party,Aberdeen North,S14000001,Kirsty BLACKMAN (Aberdeen North),0,0,0,0,0
25908,Olivia,Blake,Labour,"Sheffield, Hallam",E14000922,"Olivia BLAKE (Sheffield, Hallam)",1,0,0,0,0
24943,Paul,Blomfield,Labour,Sheffield Central,E14000919,Paul BLOMFIELD (Sheffield Central),0,1,0,0,0
10051,Crispin,Blunt,Conservative,Reigate,E14000893,Crispin BLUNT (Reigate),0,0,0,0,0
11915,Peter,Bone,Conservative,Wellingborough,E14001025,Peter BONE (Wellingborough),0,0,0,0,0
25861,Steven,Bonnar,Scottish National Party,"Coatbridge, Chryston and Bellshill",S14000011,"Steven BONNAR (Coatbridge, Chryston and Bellshill)",0,0,0,0,0
10057,Peter,Bottomley,Conservative,Worthing West,E14001055,Peter BOTTOMLEY (Worthing West),0,0,0,0,0
25703,Andrew,Bowie,Conservative,West Aberdeenshire and Kincardine,S14000058,Andrew BOWIE (West Aberdeenshire and Kincardine),0,0,0,0,0
25683,Ben,Bradley,Conservative,Mansfield,E14000810,Ben BRADLEY (Mansfield),0,0,0,0,0
24725,Karen,Bradley,Conservative,Staffordshire Moorlands,E14000966,Karen BRADLEY (Staffordshire Moorlands),0,0,0,0,0
10061,Ben,Bradshaw,Labour,Exeter,E14000698,Ben BRADSHAW (Exeter),0,0,0,0,0
10062,Graham,Brady,Conservative,Altrincham and Sale West,E14000532,Graham BRADY (Altrincham and Sale West),0,0,0,0,0
13893,Mickey,Brady,Sinn Féin,Newry and Armagh,N06000011,Mickey BRADY (Newry and Armagh),0,0,0,0,0
25272,Suella,Braverman,Conservative,Fareham,E14000699,Suella BRAVERMAN (Fareham),0,0,0,0,1
10753,Kevin,Brennan,Labour,Cardiff West,W07000079,Kevin BRENNAN (Cardiff West),0,1,0,0,0
25698,Jack,Brereton,Conservative,Stoke-on-Trent South,E14000974,Jack BRERETON (Stoke-on-Trent South),0,0,0,0,0
24741,Andrew,Bridgen,Conservative,North West Leicestershire,E14000858,Andrew BRIDGEN (North West Leicestershire),0,0,0,0,0
24901,Steve,Brine,Conservative,Winchester,E14001041,Steve BRINE (Winchester),0,0,1,0,0
25795,Paul,Bristow,Conservative,Peterborough,E14000878,Paul BRISTOW (Peterborough),0,0,0,0,0
25876,Sara,Britcliffe,Conservative,Hyndburn,E14000758,Sara BRITCLIFFE (Hyndburn),0,0,0,0,0
25336,Deidre,Brock,Scottish National Party,Edinburgh North and Leith,S14000023,Deidre BROCK (Edinburgh North and Leith),0,0,0,0,0
25268,Alan,Brown,Scottish National Party,Kilmarnock and Loudoun,S14000040,Alan BROWN (Kilmarnock and Loudoun),0,0,0,0,0
11921,Lyn,Brown,Labour,West Ham,E14001032,Lyn BROWN (West Ham),0,1,0,0,0
10069,Nick,Brown,Labour,Newcastle upon Tyne East,E14000832,Nick BROWN (Newcastle upon Tyne East),0,0,0,0,0
25850,Anthony,Browne,Conservative,South Cambridgeshire,E14000934,Anthony BROWNE (South Cambridgeshire),0,0,1,0,0
24857,Fiona,Bruce,Conservative,Congleton,E14000646,Fiona BRUCE (Congleton),0,0,0,0,0
10761,Chris,Bryant,Labour,Rhondda,W07000052,Chris BRYANT (Rhondda),0,0,0,0,0
25891,Felicity,Buchan,Conservative,Kensington,E14000768,Felicity BUCHAN (Kensington),0,0,0,0,0
10075,Karen,Buck,Labour,Westminster North,E14001036,Karen BUCK (Westminster North),0,1,0,0,0
24843,Robert,Buckland,Conservative,South Swindon,E14000947,Robert BUCKLAND (South Swindon),0,0,1,1,0
25659,Alex,Burghart,Conservative,Brentwood and Ongar,E14000594,Alex BURGHART (Brentwood and Ongar),0,0,0,0,0
25391,Richard,Burgon,Labour,Leeds East,E14000778,Richard BURGON (Leeds East),1,0,0,0,0
24780,Conor,Burns,Conservative,Bournemouth West,E14000585,Conor BURNS (Bournemouth West),0,0,0,0,0
11447,Dawn,Butler,Labour,Brent Central,E14000591,Dawn BUTLER (Brent Central),1,0,0,0,0
25895,Rob,Butler,Conservative,Aylesbury,E14000538,Rob BUTLER (Aylesbury),0,0,0,0,0
25816,Ian,Byrne,Labour,"Liverpool, West Derby",E14000796,"Ian BYRNE (Liverpool, West Derby)",1,1,0,0,0
11360,Liam,Byrne,Labour,"Birmingham, Hodge Hill",E14000563,"Liam BYRNE (Birmingham, Hodge Hill)",0,0,0,0,0
25343,Ruth,Cadbury,Labour,Brentford and Isleworth,E14000593,Ruth CADBURY (Brentford and Isleworth),0,1,0,0,0
24740,Alun,Cairns,Conservative,Vale of Glamorgan,W07000078,Alun CAIRNS (Vale of Glamorgan),0,0,0,0,0
25863,Amy,Callaghan,Scottish National Party,East Dunbartonshire,S14000018,Amy CALLAGHAN (East Dunbartonshire),0,0,0,0,0
25276,Lisa,Cameron,Scottish National Party,"East Kilbride, Strathaven and Lesmahagow",S14000019,"Lisa CAMERON (East Kilbride, Strathaven and Lesmahagow)",0,0,0,0,0
10086,Alan,Campbell,Labour,Tynemouth,E14001006,Alan CAMPBELL (Tynemouth),0,0,0,0,0
10780,Gregory,Campbell,DUP,East Londonderry,N06000006,Gregory CAMPBELL (East Londonderry),0,0,0,0,0
25642,Dan,Carden,Labour,"Liverpool, Walton",E14000794,"Dan CARDEN (Liverpool, Walton)",1,0,0,0,0
10785,Alistair,Carmichael,Liberal Democrat,Orkney and Shetland,S14000051,Alistair CARMICHAEL (Orkney and Shetland),0,0,0,0,0
25884,Andy,Carter,Conservative,Warrington South,E14001018,Andy CARTER (Warrington South),0,0,1,0,0
25414,James,Cartlidge,Conservative,South Suffolk,E14000946,James CARTLIDGE (South Suffolk),0,0,0,0,0
10095,Bill,Cash,Conservative,Stone,E14000975,Bill CASH (Stone),0,0,0,0,0
25897,Miriam,Cates,Conservative,Penistone and Stocksbridge,E14000876,Miriam CATES (Penistone and Stocksbridge),0,0,0,0,0
25397,Maria,Caulfield,Conservative,Lewes,E14000786,Maria CAULFIELD (Lewes),0,0,0,0,0
25340,Alex,Chalk,Conservative,Cheltenham,E14000630,Alex CHALK (Cheltenham),0,0,0,0,0
25872,Wendy,Chamberlain,Liberal Democrat,North East Fife,S14000049,Wendy CHAMBERLAIN (North East Fife),0,0,0,0,0
25168,Sarah,Champion,Labour,Rotherham,E14000904,Sarah CHAMPION (Rotherham),0,0,0,0,0
25305,Douglas,Chapman,Scottish National Party,Dunfermline and West Fife,S14000017,Douglas CHAPMAN (Dunfermline and West Fife),0,0,0,0,0
25676,Bambos,Charalambous,Labour,"Enfield, Southgate",E14000692,"Bambos CHARALAMBOUS (Enfield, Southgate)",0,0,0,0,0
25404,Joanna,Cherry,Scottish National Party,Edinburgh South West,S14000025,Joanna CHERRY (Edinburgh South West),0,0,0,0,0
24920,Rehman,Chishti,Conservative,Gillingham and Rainham,E14000711,Rehman CHISHTI (Gillingham and Rainham),0,0,0,0,0
10103,Christopher,Chope,Conservative,Christchurch,E14000638,Christopher CHOPE (Christchurch),0,0,0,0,1
25408,Jo,Churchill,Conservative,Bury St Edmunds,E14000613,Jo CHURCHILL (Bury St Edmunds),0,0,0,0,0
25896,Feryal,Clark,Labour,Enfield North,E14000691,Feryal CLARK (Enfield North),0,1,0,0,0
11884,Greg,Clark,Conservative,Tunbridge Wells,E14001004,Greg CLARK (Tunbridge Wells),0,0,1,0,0
25657,Simon,Clarke,Conservative,Middlesbrough South and East Cleveland,E14000820,Simon CLARKE (Middlesbrough South and East Cleveland),0,0,0,0,0
25900,Theo,Clarke,Conservative,Stafford,E14000965,Theo CLARKE (Stafford),0,0,0,0,0
25862,Brendan,Clarke-Smith,Conservative,Bassetlaw,E14000546,Brendan CLARKE-SMITH (Bassetlaw),0,0,0,0,0
25825,Chris,Clarkson,Conservative,Heywood and Middleton,E14000747,Chris CLARKSON (Heywood and Middleton),0,0,0,0,0
25376,James,Cleverly,Conservative,Braintree,E14000590,James CLEVERLY (Braintree),0,0,0,0,1
10119,Geoffrey,Clifton-Brown,Conservative,The Cotswolds,E14000991,Geoffrey CLIFTON-BROWN (The Cotswolds),0,0,0,0,0
24771,Therese,Coffey,Conservative,Suffolk Coastal,E14000981,Therese COFFEY (Suffolk Coastal),0,0,0,0,1
25907,Elliot,Colburn,Conservative,Carshalton and Wallington,E14000621,Elliot COLBURN (Carshalton and Wallington),0,0,0,0,0
24744,Damian,Collins,Conservative,Folkestone and Hythe,E14000704,Damian COLLINS (Folkestone and Hythe),0,0,0,0,0
25901,Daisy,Cooper,Liberal Democrat,St Albans,E14000960,Daisy COOPER (St Albans),0,0,0,0,0
10131,Yvette,Cooper,Labour,"Normanton, Pontefract and Castleford",E14000836,"Yvette COOPER (Normanton, Pontefract and Castleford)",0,1,0,0,0
10133,Jeremy,Corbyn,Independent,Islington North,E14000763,Jeremy CORBYN (Islington North),1,0,0,0,0
25413,Alberto,Costa,Conservative,South Leicestershire,E14000940,Alberto COSTA (South Leicestershire),0,0,1,0,0
25593,Robert,Courts,Conservative,Witney,E14001046,Robert COURTS (Witney),0,0,0,0,1
25890,Claire,Coutinho,Conservative,East Surrey,E14000681,Claire COUTINHO (East Surrey),0,0,0,0,0
25288,Ronnie,Cowan,Scottish National Party,Inverclyde,S14000038,Ronnie COWAN (Inverclyde),0,0,0,0,0
11541,Geoffrey,Cox,Conservative,Torridge and West Devon,E14001000,Geoffrey COX (Torridge and West Devon),0,0,0,0,0
25326,Neil,Coyle,Labour,Bermondsey and Old Southwark,E14000553,Neil COYLE (Bermondsey and Old Southwark),0,0,0,0,0
11768,Stephen,Crabb,Conservative,Preseli Pembrokeshire,W07000065,Stephen CRABB (Preseli Pembrokeshire),0,0,1,0,0
25295,Angela,Crawley,Scottish National Party,Lanark and Hamilton East,S14000042,Angela CRAWLEY (Lanark and Hamilton East),0,0,0,0,0
24949,Stella,Creasy,Labour/Co-operative,Walthamstow,E14001013,Stella CREASY (Walthamstow),0,0,0,0,0
25843,Virginia,Crosbie,Conservative,Ynys Môn,W07000041,Virginia CROSBIE (Ynys Môn),0,0,0,0,0
24871,Tracey,Crouch,Conservative,Chatham and Aylesford,E14000626,Tracey CROUCH (Chatham and Aylesford),0,0,0,0,0
10828,Jon,Cruddas,Labour,Dagenham and Rainham,E14000657,Jon CRUDDAS (Dagenham and Rainham),0,1,0,0,0
10143,John,Cryer,Labour,Leyton and Wanstead,E14000790,John CRYER (Leyton and Wanstead),0,0,0,0,0
25393,Judith,Cummins,Labour,Bradford South,E14000588,Judith CUMMINS (Bradford South),0,1,0,0,0
24742,Alex,Cunningham,Labour,Stockton North,E14000970,Alex CUNNINGHAM (Stockton North),0,1,0,0,0
25727,Janet,Daby,Labour,Lewisham East,E14000787,Janet DABY (Lewisham East),0,0,0,0,0
25905,James,Daly,Conservative,Bury North,E14000611,James DALY (Bury North),0,0,0,0,0
10155,Edward,Davey,Liberal Democrat,Kingston and Surbiton,E14000770,Edward DAVEY (Kingston and Surbiton),0,0,0,0,0
10842,Wayne,David,Labour,Caerphilly,W07000076,Wayne DAVID (Caerphilly),0,1,0,0,0
11719,David,Davies,Conservative,Monmouth,W07000054,David DAVIES (Monmouth),0,0,0,0,0
25858,Gareth,Davies,Conservative,Grantham and Stamford,E14000714,Gareth DAVIES (Grantham and Stamford),0,0,0,0,0
10159,Geraint,Davies,Labour,Swansea West,W07000047,Geraint DAVIES (Swansea West),0,0,0,0,0
25292,James,Davies,Conservative,Vale of Clwyd,W07000060,James DAVIES (Vale of Clwyd),0,0,0,0,0
25330,Mims,Davies,Conservative,Mid Sussex,E14000817,Mims DAVIES (Mid Sussex),0,0,0,0,0
11816,Philip,Davies,Conservative,Shipley,E14000925,Philip DAVIES (Shipley),0,0,0,0,0
25824,Alex,Davies-Jones,Labour,Pontypridd,W07000075,Alex DAVIES-JONES (Pontypridd),0,1,0,0,0
10162,David,Davis,Conservative,Haltemprice and Howden,E14000724,David DAVIS (Haltemprice and Howden),0,0,0,0,1
25815,Dehenna,Davison,Conservative,Bishop Auckland,E14000569,Dehenna DAVISON (Bishop Auckland),0,0,0,0,0
25307,Martyn,Day,Scottish National Party,Linlithgow and East Falkirk,S14000043,Martyn DAY (Linlithgow and East Falkirk),0,0,0,0,0
25620,Marsha,de Cordova,Labour,Battersea,E14000549,Marsha DE CORDOVA (Battersea),1,1,0,0,0
25402,Thangam,Debbonaire,Labour,Bristol West,E14000602,Thangam DEBBONAIRE (Bristol West),0,0,0,0,0
25695,Tan,Dhesi,Labour,Slough,E14000930,Tan DHESI (Slough),0,1,0,0,0
24873,Caroline,Dinenage,Conservative,Gosport,E14000713,Caroline DINENAGE (Gosport),0,0,0,0,0
25877,Sarah,Dines,Conservative,Derbyshire Dales,E14000664,Sarah DINES (Derbyshire Dales),0,0,0,0,0
26118,Samantha,Dixon,Labour,City of Chester,E14000640,Samantha DIXON (City of Chester),0,0,0,0,0
10854,Jonathan,Djanogly,Conservative,Huntingdon,E14000757,Jonathan DJANOGLY (Huntingdon),0,0,0,0,1
25628,Leo,Docherty,Conservative,Aldershot,E14000530,Leo DOCHERTY (Aldershot),0,0,0,0,0
25275,Martin,Docherty,Scottish National Party,West Dunbartonshire,S14000059,Martin DOCHERTY (West Dunbartonshire),0,0,0,0,0
25618,Anneliese,Dodds,Labour/Co-operative,Oxford East,E14000873,Anneliese DODDS (Oxford East),0,1,0,0,0
10172,Jeffrey M.,Donaldson,DUP,Lagan Valley,N06000009,Jeffrey M. DONALDSON (Lagan Valley),0,0,0,0,0
25316,Michelle,Donelan,Conservative,Chippenham,E14000635,Michelle DONELAN (Chippenham),0,0,0,0,0
25796,Dave,Doogan,Scottish National Party,Angus,S14000004,Dave DOOGAN (Angus),0,0,0,0,0
25870,Allan,Dorans,Scottish National Party,"Ayr, Carrick and Cumnock",S14000006,"Allan DORANS (Ayr, Carrick and Cumnock)",0,0,0,0,0
11397,Nadine,Dorries,Conservative,Mid Bedfordshire,E14000813,Nadine DORRIES (Mid Bedfordshire),0,0,0,0,0
25410,Steve,Double,Conservative,St Austell and Newquay,E14000961,Steve DOUBLE (St Austell and Newquay),0,0,0,0,0
25166,Stephen,Doughty,Labour/Co-operative,Cardiff South and Penarth,W07000080,Stephen DOUGHTY (Cardiff South and Penarth),0,0,0,0,0
25309,Peter,Dowd,Labour,Bootle,E14000581,Peter DOWD (Bootle),0,1,0,0,0
25323,Oliver,Dowden,Conservative,Hertsmere,E14000745,Oliver DOWDEN (Hertsmere),0,0,0,0,0
24957,Jackie,Doyle-Price,Conservative,Thurrock,E14000995,Jackie DOYLE-PRICE (Thurrock),0,0,0,0,1
24903,Richard,Drax,Conservative,South Dorset,E14000936,Richard DRAX (South Dorset),0,0,0,0,0
25392,Flick,Drummond,Conservative,Meon Valley,E14000811,Flick DRUMMOND (Meon Valley),0,0,0,0,0
11785,James,Duddridge,Conservative,Rochford and Southend East,E14000899,James DUDDRIDGE (Rochford and Southend East),0,0,0,0,1
25656,Rosie,Duffield,Labour,Canterbury,E14000619,Rosie DUFFIELD (Canterbury),0,1,0,0,0
25664,David,Duguid,Conservative,Banff and Buchan,S14000007,David DUGUID (Banff and Buchan),0,0,0,0,0
10180,Iain,Duncan Smith,Conservative,Chingford and Woodford Green,E14000634,Iain DUNCAN SMITH (Chingford and Woodford Green),0,0,0,0,1
11696,Philip,Dunne,Conservative,Ludlow,E14000799,Philip DUNNE (Ludlow),0,0,0,0,0
10182,Angela,Eagle,Labour,Wallasey,E14001010,Angela EAGLE (Wallasey),0,0,0,0,0
10183,Maria,Eagle,Labour,Garston and Halewood,E14000708,Maria EAGLE (Garston and Halewood),0,0,0,0,0
25130,Colum,Eastwood,Social Democratic and Labour Party,Foyle,N06000008,Colum EASTWOOD (Foyle),0,0,0,0,0
25923,Mark,Eastwood,Conservative,Dewsbury,E14000666,Mark EASTWOOD (Dewsbury),0,0,0,0,0
24743,Jonathan,Edwards,Independent,Carmarthen East and Dinefwr,W07000067,Jonathan EDWARDS (Carmarthen East and Dinefwr),0,0,0,0,0
25854,Ruth,Edwards,Conservative,Rushcliffe,E14000908,Ruth EDWARDS (Rushcliffe),0,0,0,0,0
10185,Clive,Efford,Labour,Eltham,E14000690,Clive EFFORD (Eltham),0,1,0,0,0
24710,Julie,Elliott,Labour,Sunderland Central,E14000982,Julie ELLIOTT (Sunderland Central),0,0,0,0,0
24866,Michael,Ellis,Conservative,Northampton North,E14000861,Michael ELLIS (Northampton North),0,0,0,0,0
11437,Tobias,Ellwood,Conservative,Bournemouth East,E14000584,Tobias ELLWOOD (Bournemouth East),0,0,1,0,0
25490,Chris,Elmore,Labour,Ogmore,W07000074,Chris ELMORE (Ogmore),0,1,0,0,0
25831,Natalie,Elphicke,Conservative,Dover,E14000670,Natalie ELPHICKE (Dover),0,0,0,0,1
25759,Florence,Eshalomi,Labour/Co-operative,Vauxhall,E14001008,Florence ESHALOMI (Vauxhall),0,0,0,0,0
24905,Bill,Esterson,Labour,Sefton Central,E14000916,Bill ESTERSON (Sefton Central),0,1,0,0,0
24933,George,Eustice,Conservative,Camborne and Redruth,E14000616,George EUSTICE (Camborne and Redruth),0,0,0,0,0
24721,Chris,Evans,Labour/Co-operative,Islwyn,W07000077,Chris EVANS (Islwyn),0,0,0,0,0
25805,Luke,Evans,Conservative,Bosworth,E14000583,Luke EVANS (Bosworth),0,0,0,0,0
10190,Nigel,Evans,Conservative,Ribble Valley,E14000894,Nigel EVANS (Ribble Valley),0,0,0,0,0
11408,David,Evennett,Conservative,Bexleyheath and Crayford,E14000558,David EVENNETT (Bexleyheath and Crayford),0,0,0,0,0
25910,Ben,Everitt,Conservative,Milton Keynes North,E14000821,Ben EVERITT (Milton Keynes North),0,0,0,0,0
10193,Michael,Fabricant,Conservative,Lichfield,E14000791,Michael FABRICANT (Lichfield),0,0,0,0,0
25835,Laura,Farris,Conservative,Newbury,E14000830,Laura FARRIS (Newbury),0,0,1,0,0
11923,Tim,Farron,Liberal Democrat,Westmorland and Lonsdale,E14001037,Tim FARRON (Westmorland and Lonsdale),0,0,0,0,0
13899,Stephen,Farry,Alliance,North Down,N06000013,Stephen FARRY (North Down),0,0,0,0,0
25869,Simon,Fell,Conservative,Barrow and Furness,E14000543,Simon FELL (Barrow and Furness),0,0,0,0,0
25277,Marion,Fellows,Scottish National Party,Motherwell and Wishaw,S14000047,Marion FELLOWS (Motherwell and Wishaw),0,0,0,0,0
25287,Margaret,Ferrier,Independent,Rutherglen and Hamilton West,S14000056,Margaret FERRIER (Rutherglen and Hamilton West),0,0,0,0,0
25821,John,Finucane,Sinn Féin,Belfast North,N06000002,John FINUCANE (Belfast North),0,0,0,0,0
26059,Anna,Firth,Conservative,Southend West,E14000957,Anna FIRTH (Southend West),0,0,0,0,0
25319,Colleen,Fletcher,Labour,Coventry North East,E14000649,Colleen FLETCHER (Coventry North East),0,0,0,0,0
25830,Katherine,Fletcher,Conservative,South Ribble,E14000943,Katherine FLETCHER (South Ribble),0,0,0,0,0
25903,Mark,Fletcher,Conservative,Bolsover,E14000577,Mark FLETCHER (Bolsover),0,0,0,0,0
25859,Nicholas,Fletcher,Conservative,Don Valley,E14000667,Nicholas FLETCHER (Don Valley),0,0,0,0,0
25867,Stephen,Flynn,Scottish National Party,Aberdeen South,S14000002,Stephen FLYNN (Aberdeen South),0,0,0,0,0
26086,Richard,Foord,Liberal Democrat,Tiverton and Honiton,E14000996,Richard FOORD (Tiverton and Honiton),0,0,0,0,0
25614,Vicky,Ford,Conservative,Chelmsford,E14000628,Vicky FORD (Chelmsford),0,0,1,0,0
25338,Kevin,Foster,Conservative,Torbay,E14000999,Kevin FOSTER (Torbay),0,0,0,0,0
24805,Yvonne,Fovargue,Labour,Makerfield,E14000805,Yvonne FOVARGUE (Makerfield),0,0,0,0,0
10213,Liam,Fox,Conservative,North Somerset,E14000850,Liam FOX (North Somerset),0,0,0,0,1
25380,Vicky,Foxcroft,Labour,"Lewisham, Deptford",E14000789,"Vicky FOXCROFT (Lewisham, Deptford)",0,0,0,0,0
25833,Mary,Foy,Labour,City of Durham,E14000641,Mary FOY (City of Durham),1,0,0,0,0
10901,Mark,Francois,Conservative,Rayleigh and Wickford,E14000888,Mark FRANCOIS (Rayleigh and Wickford),0,0,0,0,1
25399,Lucy,Frazer,Conservative,South East Cambridgeshire,E14000937,Lucy FRAZER (South East Cambridgeshire),0,0,0,0,0
24817,George,Freeman,Conservative,Mid Norfolk,E14000816,George FREEMAN (Mid Norfolk),0,0,1,0,0
24934,Mike,Freer,Conservative,Finchley and Golders Green,E14000703,Mike FREER (Finchley and Golders Green),0,0,0,0,0
26055,Louie,French,Conservative,Old Bexley and Sidcup,E14000869,Louie FRENCH (Old Bexley and Sidcup),0,0,0,0,0
24787,Richard,Fuller,Conservative,North East Bedfordshire,E14000841,Richard FULLER (North East Bedfordshire),0,0,0,1,0
25489,Gill,Furniss,Labour,"Sheffield, Brightside and Hillsborough",E14000921,"Gill FURNISS (Sheffield, Brightside and Hillsborough)",0,0,0,0,0
25384,Marcus,Fysh,Conservative,Yeovil,E14001060,Marcus FYSH (Yeovil),0,0,0,0,0
10217,Roger,Gale,Conservative,North Thanet,E14000852,Roger GALE (North Thanet),0,0,0,0,0
10220,Barry,Gardiner,Labour,Brent North,E14000592,Barry GARDINER (Brent North),0,0,0,0,0
24824,Mark,Garnier,Conservative,Wyre Forest,E14001058,Mark GARNIER (Wyre Forest),0,0,1,0,0
25354,Nusrat,Ghani,Conservative,Wealden,E14001023,Nusrat GHANI (Wealden),0,0,0,0,0
10225,Nick,Gibb,Conservative,Bognor Regis and Littlehampton,E14000576,Nick GIBB (Bognor Regis and Littlehampton),0,0,0,0,0
25300,Patricia,Gibson,Scottish National Party,North Ayrshire and Arran,S14000048,Patricia GIBSON (North Ayrshire and Arran),0,0,0,0,0
25793,Peter,Gibson,Conservative,Darlington,E14000658,Peter GIBSON (Darlington),0,0,0,0,0
25882,Jo,Gideon,Conservative,Stoke-on-Trent Central,E14000972,Jo GIDEON (Stoke-on-Trent Central),0,0,0,0,0
10913,Michelle,Gildernew,Sinn Féin,Fermanagh and South Tyrone,N06000007,Michelle GILDERNEW (Fermanagh and South Tyrone),0,0,0,0,0
25666,Preet Kaur,Gill,Labour/Co-operative,"Birmingham, Edgbaston",E14000560,"Preet Kaur GILL (Birmingham, Edgbaston)",0,1,0,0,0
25629,Paul,Girvan,DUP,South Antrim,N06000014,Paul GIRVAN (South Antrim),0,0,0,0,0
24839,John,Glen,Conservative,Salisbury,E14000912,John GLEN (Salisbury),0,0,0,0,0
24927,Mary,Glindon,Labour,North Tyneside,E14000853,Mary GLINDON (North Tyneside),0,0,0,0,0
11804,Robert,Goodwill,Conservative,Scarborough and Whitby,E14000913,Robert GOODWILL (Scarborough and Whitby),0,0,0,0,0
11858,Michael,Gove,Conservative,Surrey Heath,E14000983,Michael GOVE (Surrey Heath),0,0,0,0,1
25299,Patrick,Grady,Scottish National Party,Glasgow North,S14000031,Patrick GRADY (Glasgow North),0,0,0,0,0
24921,Richard,Graham,Conservative,Gloucester,E14000712,Richard GRAHAM (Gloucester),0,0,0,0,0
24796,Helen,Grant,Conservative,Maidstone and The Weald,E14000804,Helen GRANT (Maidstone and The Weald),0,0,0,0,0
25273,Peter,Grant,Scottish National Party,Glenrothes,S14000036,Peter GRANT (Glenrothes),0,0,0,0,0
10240,James,Gray,Conservative,North Wiltshire,E14000860,James GRAY (North Wiltshire),0,0,0,0,0
10920,Chris,Grayling,Conservative,Epsom and Ewell,E14000694,Chris GRAYLING (Epsom and Ewell),0,0,0,0,1
25359,Chris,Green,Conservative,Bolton West,E14000580,Chris GREEN (Bolton West),0,0,0,0,0
10241,Damian,Green,Conservative,Ashford,E14000536,Damian GREEN (Ashford),0,0,1,1,0
26034,Sarah,Green,Liberal Democrat,Chesham and Amersham,E14000631,Sarah GREEN (Chesham and Amersham),0,0,0,0,0
24774,Lilian,Greenwood,Labour,Nottingham South,E14000867,Lilian GREENWOOD (Nottingham South),0,1,0,0,0
25349,Margaret,Greenwood,Labour,Wirral West,E14001044,Margaret GREENWOOD (Wirral West),0,0,0,0,0
25927,Andrew,Griffith,Conservative,Arundel and South Downs,E14000534,Andrew GRIFFITH (Arundel and South Downs),0,0,0,0,0
11692,Nia,Griffith,Labour,Llanelli,W07000045,Nia GRIFFITH (Llanelli),0,1,0,0,0
25812,James,Grundy,Conservative,Leigh,E14000785,James GRUNDY (Leigh),0,0,0,0,0
25898,Jonathan,Gullis,Conservative,Stoke-on-Trent North,E14000973,Jonathan GULLIS (Stoke-on-Trent North),0,0,0,0,1
11531,Andrew,Gwynne,Labour,Denton and Reddish,E14000661,Andrew GWYNNE (Denton and Reddish),0,1,0,0,0
25357,Louise,Haigh,Labour,"Sheffield, Heeley",E14000923,"Louise HAIGH (Sheffield, Heeley)",0,1,0,0,0
24784,Robert,Halfon,Conservative,Harlow,E14000729,Robert HALFON (Harlow),0,0,1,0,0
25373,Luke,Hall,Conservative,Thornbury and Yate,E14000994,Luke HALL (Thornbury and Yate),0,0,0,0,0
10256,Fabian,Hamilton,Labour,Leeds North East,E14000779,Fabian HAMILTON (Leeds North East),0,0,0,0,0
26061,Paulette,Hamilton,Labour,"Birmingham, Erdington",E14000561,"Paulette HAMILTON (Birmingham, Erdington)",0,0,0,0,0
11927,Stephen,Hammond,Conservative,Wimbledon,E14001040,Stephen HAMMOND (Wimbledon),0,0,1,0,0
24773,Matthew,Hancock,Conservative,West Suffolk,E14001034,Matthew HANCOCK (West Suffolk),0,0,1,0,0
11610,Greg,Hands,Conservative,Chelsea and Fulham,E14000629,Greg HANDS (Chelsea and Fulham),0,0,0,0,0
25447,Claire,Hanna,Social Democratic and Labour Party,Belfast South,N06000003,Claire HANNA (Belfast South),0,0,0,0,0
25873,Neale,Hanvey,Alba,Kirkcaldy and Cowdenbeath,S14000041,Neale HANVEY (Kirkcaldy and Cowdenbeath),0,0,0,0,0
25646,Emma,Hardy,Labour,Kingston upon Hull West and Hessle,E14000773,Emma HARDY (Kingston upon Hull West and Hessle),0,1,0,0,0
10260,Harriet,Harman,Labour,Camberwell and Peckham,E14000615,Harriet HARMAN (Camberwell and Peckham),0,0,0,0,0
11588,Mark,Harper,Conservative,Forest of Dean,E14000705,Mark HARPER (Forest of Dean),0,0,0,0,0
25308,Carolyn,Harris,Labour,Swansea East,W07000048,Carolyn HARRIS (Swansea East),0,0,0,0,0
24731,Rebecca,Harris,Conservative,Castle Point,E14000622,Rebecca HARRIS (Castle Point),0,0,0,0,0
25600,Trudy,Harrison,Conservative,Copeland,E14000647,Trudy HARRISON (Copeland),0,0,0,0,0
25902,Sally-Ann,Hart,Conservative,Hastings and Rye,E14000735,Sally-Ann HART (Hastings and Rye),0,0,0,0,0
24813,Simon,Hart,Conservative,Carmarthen West and South Pembrokeshire,W07000066,Simon HART (Carmarthen West and South Pembrokeshire),0,0,0,0,0
25310,Helen,Hayes,Labour,Dulwich and West Norwood,E14000673,Helen HAYES (Dulwich and West Norwood),0,0,0,0,0
10265,John,Hayes,Conservative,South Holland and The Deepings,E14000939,John HAYES (South Holland and The Deepings),0,0,0,0,0
25154,Christopher,Hazzard,Sinn Féin,South Down,N06000015,Christopher HAZZARD (South Down),0,0,0,0,0
10267,Oliver,Heald,Conservative,North East Hertfordshire,E14000845,Oliver HEALD (North East Hertfordshire),0,0,0,0,0
10268,John,Healey,Labour,Wentworth and Dearne,E14001028,John HEALEY (Wentworth and Dearne),0,1,0,0,0
25438,James,Heappey,Conservative,Wells,E14001026,James HEAPPEY (Wells),0,0,0,0,0
24841,Chris,Heaton-Harris,Conservative,Daventry,E14000660,Chris HEATON-HARRIS (Daventry),0,0,0,0,1
24828,Gordon,Henderson,Conservative,Sittingbourne and Sheppey,E14000927,Gordon HENDERSON (Sittingbourne and Sheppey),0,0,0,0,0
10682,Mark,Hendrick,Labour/Co-operative,Preston,E14000885,Mark HENDRICK (Preston),0,1,0,0,0
25382,Drew,Hendry,Scottish National Party,"Inverness, Nairn, Badenoch and Strathspey",S14000039,"Drew HENDRY (Inverness, Nairn, Badenoch and Strathspey)",0,0,0,0,0
25871,Darren,Henry,Conservative,Broxtowe,E14000607,Darren HENRY (Broxtowe),0,0,0,0,0
25842,Antony,Higginbotham,Conservative,Burnley,E14000609,Antony HIGGINBOTHAM (Burnley),0,0,0,0,0
11605,Meg,Hillier,Labour/Co-operative,Hackney South and Shoreditch,E14000721,Meg HILLIER (Hackney South and Shoreditch),0,0,0,0,0
24782,Damian,Hinds,Conservative,East Hampshire,E14000680,Damian HINDS (East Hampshire),0,0,0,0,0
25427,Simon,Hoare,Conservative,North Dorset,E14000839,Simon HOARE (North Dorset),0,0,1,0,0
25648,Wera,Hobhouse,Liberal Democrat,Bath,E14000547,Wera HOBHOUSE (Bath),0,0,0,0,0
10281,Margaret,Hodge,Labour,Barking,E14000540,Margaret HODGE (Barking),0,0,0,0,0
11592,Sharon,Hodgson,Labour,Washington and Sunderland West,E14001020,Sharon HODGSON (Washington and Sunderland West),0,1,0,0,0
25893,Richard,Holden,Conservative,North West Durham,E14000856,Richard HOLDEN (North West Durham),0,0,0,0,0
25298,Kate,Hollern,Labour,Blackburn,E14000570,Kate HOLLERN (Blackburn),0,0,0,0,0
25415,Kevin,Hollinrake,Conservative,Thirsk and Malton,E14000993,Kevin HOLLINRAKE (Thirsk and Malton),0,0,0,0,0
11661,Philip,Hollobone,Conservative,Kettering,E14000769,Philip HOLLOBONE (Kettering),0,0,0,0,0
11599,Adam,Holloway,Conservative,Gravesham,E14000715,Adam HOLLOWAY (Gravesham),0,0,0,0,0
25808,Paul,Holmes,Conservative,Eastleigh,E14000685,Paul HOLMES (Eastleigh),0,0,0,0,0
25809,Rachel,Hopkins,Labour,Luton South,E14000801,Rachel HOPKINS (Luton South),1,0,0,0,0
11973,Stewart,Hosie,Scottish National Party,Dundee East,S14000015,Stewart HOSIE (Dundee East),0,0,0,0,0
10292,George,Howarth,Labour,Knowsley,E14000775,George HOWARTH (Knowsley),0,0,0,0,0
14131,John,Howell,Conservative,Henley,E14000742,John HOWELL (Henley),0,0,0,0,0
25855,Paul,Howell,Conservative,Sedgefield,E14000915,Paul HOWELL (Sedgefield),0,0,0,0,0
10295,Lindsay,Hoyle,Speaker,Chorley,E14000637,Lindsay HOYLE (Chorley),0,0,0,0,0
25381,Nigel,Huddleston,Conservative,Mid Worcestershire,E14000818,Nigel HUDDLESTON (Mid Worcestershire),0,0,0,1,0
25875,Neil,Hudson,Conservative,Penrith and The Border,E14000877,Neil HUDSON (Penrith and The Border),0,0,0,0,0
25699,Eddie,Hughes,Conservative,Walsall North,E14001011,Eddie HUGHES (Walsall North),0,0,0,0,0
25921,Jane,Hunt,Conservative,Loughborough,E14000797,Jane HUNT (Loughborough),0,0,0,0,0
11859,Jeremy,Hunt,Conservative,South West Surrey,E14000953,Jeremy HUNT (South West Surrey),0,0,0,0,0
25811,Tom,Hunt,Conservative,Ipswich,E14000761,Tom HUNT (Ipswich),0,0,0,0,0
25284,Rupa,Huq,Labour,Ealing Central and Acton,E14000674,Rupa HUQ (Ealing Central and Acton),0,0,0,0,0
25375,Imran,Hussain,Labour,Bradford East,E14000587,Imran HUSSAIN (Bradford East),1,0,0,0,0
25674,Alister,Jack,Conservative,Dumfries and Galloway,S14000013,Alister JACK (Dumfries and Galloway),0,0,0,0,0
25675,Christine,Jardine,Liberal Democrat,Edinburgh West,S14000026,Christine JARDINE (Edinburgh West),0,0,0,0,0
25067,Dan,Jarvis,Labour,Barnsley Central,E14000541,Dan JARVIS (Barnsley Central),0,1,0,0,0
24854,Sajid,Javid,Conservative,Bromsgrove,E14000605,Sajid JAVID (Bromsgrove),0,0,0,0,1
25419,Ranil,Jayawardena,Conservative,North East Hampshire,E14000844,Ranil JAYAWARDENA (North East Hampshire),0,0,0,0,0
10312,Bernard,Jenkin,Conservative,Harwich and North Essex,E14000734,Bernard JENKIN (Harwich and North Essex),0,0,0,0,1
25792,Mark,Jenkinson,Conservative,Workington,E14001053,Mark JENKINSON (Workington),0,0,0,0,0
25431,Andrea,Jenkyns,Conservative,Morley and Outwood,E14000826,Andrea JENKYNS (Morley and Outwood),0,0,0,0,0
25227,Robert,Jenrick,Conservative,Newark,E14000829,Robert JENRICK (Newark),0,0,0,0,0
25597,Caroline,Johnson,Conservative,Sleaford and North Hykeham,E14000929,Caroline JOHNSON (Sleaford and North Hykeham),0,0,0,0,0
11647,Diana R.,Johnson,Labour,Kingston upon Hull North,E14000772,Diana R. JOHNSON (Kingston upon Hull North),0,1,0,0,0
24803,Gareth,Johnson,Conservative,Dartford,E14000659,Gareth JOHNSON (Dartford),0,0,0,0,0
25803,Kim,Johnson,Labour,"Liverpool, Riverside",E14000793,"Kim JOHNSON (Liverpool, Riverside)",1,0,0,0,0
25924,David,Johnston,Conservative,Wantage,E14001015,David JOHNSTON (Wantage),0,0,0,0,0
24758,Andrew,Jones,Conservative,Harrogate and Knaresborough,E14000730,Andrew JONES (Harrogate and Knaresborough),0,0,0,0,0
25637,Darren,Jones,Labour,Bristol North West,E14000600,Darren JONES (Bristol North West),0,0,0,0,0
11506,David,Jones,Conservative,Clwyd West,W07000059,David JONES (Clwyd West),0,0,0,0,0
25881,Fay,Jones,Conservative,Brecon and Radnorshire,W07000068,Fay JONES (Brecon and Radnorshire),0,0,0,0,0
25289,Gerald,Jones,Labour,Merthyr Tydfil and Rhymney,W07000071,Gerald JONES (Merthyr Tydfil and Rhymney),0,0,0,0,0
11003,Kevan,Jones,Labour,North Durham,E14000840,Kevan JONES (North Durham),0,0,0,0,0
24745,Marcus,Jones,Conservative,Nuneaton,E14000868,Marcus JONES (Nuneaton),0,0,0,0,0
25746,Ruth,Jones,Labour,Newport West,W07000056,Ruth JONES (Newport West),0,0,0,0,0
25673,Sarah,Jones,Labour,Croydon Central,E14000654,Sarah JONES (Croydon Central),0,1,0,0,0
25911,Simon,Jupp,Conservative,East Devon,E14000678,Simon JUPP (East Devon),0,0,0,0,0
25220,Mike,Kane,Labour,Wythenshawe and Sale East,E14001059,Mike KANE (Wythenshawe and Sale East),0,0,0,0,0
11817,Daniel,Kawczynski,Conservative,Shrewsbury and Atcham,E14000926,Daniel KAWCZYNSKI (Shrewsbury and Atcham),0,0,0,0,0
25906,Alicia,Kearns,Conservative,Rutland and Melton,E14000909,Alicia KEARNS (Rutland and Melton),0,0,0,0,0
25670,Gillian,Keegan,Conservative,Chichester,E14000633,Gillian KEEGAN (Chichester),0,0,1,0,0
11943,Barbara,Keeley,Labour,Worsley and Eccles South,E14001054,Barbara KEELEY (Worsley and Eccles South),0,1,0,0,0
24816,Liz,Kendall,Labour,Leicester West,E14000784,Liz KENDALL (Leicester West),0,0,0,0,0
25662,Afzal,Khan,Labour,"Manchester, Gorton",E14000808,"Afzal KHAN (Manchester, Gorton)",0,0,0,0,0
25297,Stephen,Kinnock,Labour,Aberavon,W07000049,Stephen KINNOCK (Aberavon),0,1,0,0,0
11026,Greg,Knight,Conservative,East Yorkshire,E14000683,Greg KNIGHT (East Yorkshire),0,0,0,0,0
25388,Julian,Knight,Conservative,Solihull,E14000931,Julian KNIGHT (Solihull),0,0,0,0,0
25839,Kate,Kniveton,Conservative,Burton,E14000610,Kate KNIVETON (Burton),0,0,0,0,0
25913,Danny,Kruger,Conservative,Devizes,E14000665,Danny KRUGER (Devizes),0,0,0,0,0
24770,Kwasi,Kwarteng,Conservative,Spelthorne,E14000959,Kwasi KWARTENG (Spelthorne),0,0,0,0,0
25418,Peter,Kyle,Labour,Hove,E14000755,Peter KYLE (Hove),0,0,0,0,0
10348,Eleanor,Laing,Conservative,Epping Forest,E14000693,Eleanor LAING (Epping Forest),0,0,0,0,1
25669,Ben,Lake,Plaid Cymru,Ceredigion,W07000064,Ben LAKE (Ceredigion),0,0,0,0,0
10678,David,Lammy,Labour,Tottenham,E14001002,David LAMMY (Tottenham),0,1,0,0,0
14026,John,Lamont,Conservative,"Berwickshire, Roxburgh and Selkirk",S14000008,"John LAMONT (Berwickshire, Roxburgh and Selkirk)",0,0,0,1,0
25841,Robert,Largan,Conservative,High Peak,E14000748,Robert LARGAN (High Peak),0,0,0,0,0
24821,Pauline,Latham,Conservative,Mid Derbyshire,E14000814,Pauline LATHAM (Mid Derbyshire),0,0,0,0,1
24963,Ian,Lavery,Labour,Wansbeck,E14001014,Ian LAVERY (Wansbeck),1,0,0,0,0
25270,Chris,Law,Scottish National Party,Dundee West,S14000016,Chris LAW (Dundee West),0,0,0,0,0
26040,Kim,Leadbeater,Labour,Batley and Spen,E14000548,Kim LEADBEATER (Batley and Spen),0,0,0,0,0
24829,Andrea,Leadsom,Conservative,South Northamptonshire,E14000942,Andrea LEADSOM (South Northamptonshire),0,0,0,0,1
10352,Edward,Leigh,Conservative,Gainsborough,E14000707,Edward LEIGH (Gainsborough),0,0,0,0,0
25791,Ian,Levy,Conservative,Blyth Valley,E14000575,Ian LEVY (Blyth Valley),0,0,0,0,0
25181,Emma,Lewell-Buck,Labour,South Shields,E14000944,Emma LEWELL-BUCK (South Shields),0,0,0,0,0
25686,Andrew,Lewer,Conservative,Northampton South,E14000862,Andrew LEWER (Northampton South),0,0,0,0,0
24879,Brandon,Lewis,Conservative,Great Yarmouth,E14000717,Brandon LEWIS (Great Yarmouth),0,0,0,0,1
25356,Clive,Lewis,Labour,Norwich South,E14000864,Clive LEWIS (Norwich South),1,0,0,0,0
10358,Julian,Lewis,Conservative,New Forest East,E14000827,Julian LEWIS (New Forest East),0,0,0,0,0
11048,Ian,Liddell-Grainger,Conservative,Bridgwater and West Somerset,E14000595,Ian LIDDELL-GRAINGER (Bridgwater and West Somerset),0,0,0,0,0
26085,Simon,Lightwood,Labour,Wakefield,E14001009,Simon LIGHTWOOD (Wakefield),0,0,0,0,0
25677,David,Linden,Scottish National Party,Glasgow East,S14000030,David LINDEN (Glasgow East),0,0,0,0,0
10367,Tony,Lloyd,Labour,Rochdale,E14000897,Tony LLOYD (Rochdale),0,1,0,0,0
25562,Carla,Lockhart,DUP,Upper Bann,N06000017,Carla LOCKHART (Upper Bann),0,0,0,0,0
25918,Chris,Loder,Conservative,West Dorset,E14001031,Chris LODER (West Dorset),0,0,0,0,0
25886,Mark,Logan,Conservative,Bolton North East,E14000578,Mark LOGAN (Bolton North East),0,0,0,0,0
25368,Rebecca,Long-Bailey,Labour,Salford and Eccles,E14000911,Rebecca LONG-BAILEY (Salford and Eccles),1,0,0,0,0
25917,Marco,Longhi,Conservative,Dudley North,E14000671,Marco LONGHI (Dudley North),0,0,0,0,0
25652,Julia,Lopez,Conservative,Hornchurch and Upminster,E14000751,Julia LOPEZ (Hornchurch and Upminster),0,0,0,0,0
24716,Jack,Lopresti,Conservative,Filton and Bradley Stoke,E14000702,Jack LOPRESTI (Filton and Bradley Stoke),0,0,0,0,0
24884,Jonathan,Lord,Conservative,Woking,E14001047,Jonathan LORD (Woking),0,0,0,0,0
10371,Tim,Loughton,Conservative,East Worthing and Shoreham,E14000682,Tim LOUGHTON (East Worthing and Shoreham),0,0,0,0,0
24910,Caroline,Lucas,Green,"Brighton, Pavilion",E14000598,"Caroline LUCAS (Brighton, Pavilion)",0,0,0,0,0
25434,Holly,Lynch,Labour,Halifax,E14000723,Holly LYNCH (Halifax),0,0,0,0,0
14031,Kenny,MacAskill,Alba,East Lothian,S14000020,Kenny MACASKILL (East Lothian),0,0,0,0,0
25437,Craig,Mackinlay,Conservative,South Thanet,E14000948,Craig MACKINLAY (South Thanet),0,0,0,0,1
25802,Cherilyn,Mackrory,Conservative,Truro and Falmouth,E14001003,Cherilyn MACKRORY (Truro and Falmouth),0,0,0,0,0
25692,Rachel,Maclean,Conservative,Redditch,E14000892,Rachel MACLEAN (Redditch),0,0,0,1,0
12004,Angus,MacNeil,Scottish National Party,Na h-Eileanan an Iar,S14000027,Angus MACNEIL (Na h-Eileanan an Iar),0,0,0,0,0
25378,Justin,Madders,Labour,Ellesmere Port and Neston,E14000688,Justin MADDERS (Ellesmere Port and Neston),0,1,0,0,0
11087,Khalid,Mahmood,Labour,"Birmingham, Perry Barr",E14000566,"Khalid MAHMOOD (Birmingham, Perry Barr)",0,0,0,0,0
24788,Shabana,Mahmood,Labour,"Birmingham, Ladywood",E14000564,"Shabana MAHMOOD (Birmingham, Ladywood)",0,1,0,0,0
25285,Alan,Mak,Conservative,Havant,E14000736,Alan MAK (Havant),0,0,0,0,0
25150,Seema,Malhotra,Labour/Co-operative,Feltham and Heston,E14000701,Seema MALHOTRA (Feltham and Heston),0,1,0,0,0
25346,Kit,Malthouse,Conservative,North West Hampshire,E14000857,Kit MALTHOUSE (North West Hampshire),0,0,0,0,1
25868,Anthony,Mangnall,Conservative,Totnes,E14001001,Anthony MANGNALL (Totnes),0,0,0,0,0
25383,Scott,Mann,Conservative,North Cornwall,E14000837,Scott MANN (North Cornwall),0,0,0,0,0
25879,Julie,Marson,Conservative,Hertford and Stortford,E14000744,Julie MARSON (Hertford and Stortford),0,0,0,0,0
25433,Rachael,Maskell,Labour/Co-operative,York Central,E14001061,Rachael MASKELL (York Central),1,0,0,0,0
13904,Paul,Maskey,Sinn Féin,Belfast West,N06000004,Paul MASKEY (Belfast West),0,0,0,0,0
10426,Theresa,May,Conservative,Maidenhead,E14000803,Theresa MAY (Maidenhead),0,0,0,0,0
25904,Jerome,Mayhew,Conservative,Broadland,E14000603,Jerome MAYHEW (Broadland),0,0,1,0,0
24764,Paul,Maynard,Conservative,Blackpool North and Cleveleys,E14000572,Paul MAYNARD (Blackpool North and Cleveleys),0,0,0,0,0
10377,Steve,McCabe,Labour,"Birmingham, Selly Oak",E14000567,"Steve MCCABE (Birmingham, Selly Oak)",0,0,0,0,0
11455,Kerry,McCarthy,Labour,Bristol East,E14000599,Kerry MCCARTHY (Bristol East),0,0,0,0,0
24887,Jason,McCartney,Conservative,Colne Valley,E14000645,Jason MCCARTNEY (Colne Valley),0,0,0,0,0
24790,Karl,McCartney,Conservative,Lincoln,E14000792,Karl MCCARTNEY (Lincoln),0,0,0,0,0
10381,Siobhain,McDonagh,Labour,Mitcham and Morden,E14000823,Siobhain MCDONAGH (Mitcham and Morden),0,0,0,0,0
25169,Andy,McDonald,Labour,Middlesbrough,E14000819,Andy MCDONALD (Middlesbrough),1,0,0,0,0
25322,Stewart,McDonald,Scottish National Party,Glasgow South,S14000034,Stewart MCDONALD (Glasgow South),0,0,0,0,0
25301,Stuart,McDonald,Scottish National Party,"Cumbernauld, Kilsyth and Kirkintilloch East",S14000012,"Stuart MCDONALD (Cumbernauld, Kilsyth and Kirkintilloch East)",0,0,0,0,0
10383,John Martin,McDonnell,Labour,Hayes and Harlington,E14000737,John Martin MCDONNELL (Hayes and Harlington),1,0,0,0,0
11936,Pat,McFadden,Labour,Wolverhampton South East,E14001050,Pat MCFADDEN (Wolverhampton South East),0,0,0,0,0
25423,Conor,McGinn,Labour,St Helens North,E14000962,Conor MCGINN (St Helens North),0,0,0,0,0
24897,Alison,McGovern,Labour,Wirral South,E14001043,Alison MCGOVERN (Wirral South),0,0,0,0,0
24818,Catherine,McKinnell,Labour,Newcastle upon Tyne North,E14000833,Catherine MCKINNELL (Newcastle upon Tyne North),0,1,0,0,0
14146,Anne,McLaughlin,Scottish National Party,Glasgow North East,S14000032,Anne MCLAUGHLIN (Glasgow North East),0,0,0,0,0
25475,Jim,McMahon,Labour/Co-operative,Oldham West and Royton,E14000871,Jim MCMAHON (Oldham West and Royton),0,1,0,0,0
25647,Anna,McMorrin,Labour,Cardiff North,W07000051,Anna MCMORRIN (Cardiff North),0,1,0,0,0
25271,John,McNally,Scottish National Party,Falkirk,S14000028,John MCNALLY (Falkirk),0,0,0,0,0
24888,Stephen,McPartland,Conservative,Stevenage,E14000968,Stephen MCPARTLAND (Stevenage),0,0,0,0,1
24882,Esther,McVey,Conservative,Tatton,E14000987,Esther MCVEY (Tatton),0,0,0,0,0
24919,Ian,Mearns,Labour,Gateshead,E14000709,Ian MEARNS (Gateshead),1,0,0,0,0
24804,Mark,Menzies,Conservative,Fylde,E14000706,Mark MENZIES (Fylde),0,0,0,0,0
25367,Johnny,Mercer,Conservative,"Plymouth, Moor View",E14000879,"Johnny MERCER (Plymouth, Moor View)",0,0,0,1,0
25426,Huw,Merriman,Conservative,Bexhill and Battle,E14000557,Huw MERRIMAN (Bexhill and Battle),0,0,0,0,0
24749,Stephen,Metcalfe,Conservative,South Basildon and East Thurrock,E14000933,Stephen METCALFE (South Basildon and East Thurrock),0,0,0,0,0
11545,Ed,Miliband,Labour,Doncaster North,E14000669,Ed MILIBAND (Doncaster North),0,1,0,0,0
25832,Robin,Millar,Conservative,Aberconwy,W07000058,Robin MILLAR (Aberconwy),0,0,0,0,0
11389,Maria,Miller,Conservative,Basingstoke,E14000545,Maria MILLER (Basingstoke),0,0,0,0,0
25350,Amanda,Milling,Conservative,Cannock Chase,E14000618,Amanda MILLING (Cannock Chase),0,0,0,0,0
24965,Nigel,Mills,Conservative,Amber Valley,E14000533,Nigel MILLS (Amber Valley),0,0,0,0,1
25836,Navendu,Mishra,Labour,Stockport,E14000969,Navendu MISHRA (Stockport),1,0,0,0,0
11115,Andrew,Mitchell,Conservative,Sutton Coldfield,E14000985,Andrew MITCHELL (Sutton Coldfield),0,0,0,0,0
25920,Gagan,Mohindra,Conservative,South West Hertfordshire,E14000951,Gagan MOHINDRA (South West Hertfordshire),0,0,0,0,0
13836,Francie,Molloy,Sinn Féin,Mid Ulster,N06000010,Francie MOLLOY (Mid Ulster),0,0,0,0,0
25406,Carol,Monaghan,Scottish National Party,Glasgow North West,S14000033,Carol MONAGHAN (Glasgow North West),0,0,0,0,0
25630,Damien,Moore,Conservative,Southport,E14000958,Damien MOORE (Southport),0,0,0,0,0
25922,Robbie,Moore,Conservative,Keighley,E14000766,Robbie MOORE (Keighley),0,0,0,0,0
25689,Layla,Moran,Liberal Democrat,Oxford West and Abingdon,E14000874,Layla MORAN (Oxford West and Abingdon),0,0,0,0,0
24938,Penny,Mordaunt,Conservative,Portsmouth North,E14000883,Penny MORDAUNT (Portsmouth North),0,0,0,0,1
11732,Jessica,Morden,Labour,Newport East,W07000055,Jessica MORDEN (Newport East),0,0,0,0,0
26056,Helen,Morgan,Liberal Democrat,North Shropshire,E14000849,Helen MORGAN (North Shropshire),0,0,0,0,0
25658,Stephen,Morgan,Labour,Portsmouth South,E14000884,Stephen MORGAN (Portsmouth South),0,0,0,0,0
24912,Anne Marie,Morris,Conservative,Newton Abbot,E14000835,Anne Marie MORRIS (Newton Abbot),0,0,0,0,0
24966,David,Morris,Conservative,Morecambe and Lunesdale,E14000825,David MORRIS (Morecambe and Lunesdale),0,0,0,0,0
24715,Grahame,Morris,Labour,Easington,E14000677,Grahame MORRIS (Easington),1,0,0,0,0
24855,James,Morris,Conservative,Halesowen and Rowley Regis,E14000722,James MORRIS (Halesowen and Rowley Regis),0,0,0,0,1
25878,Joy,Morrissey,Conservative,Beaconsfield,E14000550,Joy MORRISSEY (Beaconsfield),0,0,0,0,0
25984,Jill,Mortimer,Conservative,Hartlepool,E14000733,Jill MORTIMER (Hartlepool),0,0,0,0,0
25342,Wendy,Morton,Conservative,Aldridge-Brownhills,E14000531,Wendy MORTON (Aldridge-Brownhills),0,0,0,0,0
25883,Kieran,Mullan,Conservative,Crewe and Nantwich,E14000653,Kieran MULLAN (Crewe and Nantwich),0,0,0,0,0
25804,Holly,Mumby-Croft,Conservative,Scunthorpe,E14000914,Holly MUMBY-CROFT (Scunthorpe),0,0,0,0,0
11970,David,Mundell,Conservative,"Dumfriesshire, Clydesdale and Tweeddale",S14000014,"David MUNDELL (Dumfriesshire, Clydesdale and Tweeddale)",0,0,1,0,0
24872,Ian,Murray,Labour,Edinburgh South,S14000024,Ian MURRAY (Edinburgh South),0,1,0,0,0
25801,James,Murray,Labour/Co-operative,Ealing North,E14000675,James MURRAY (Ealing North),0,0,0,0,0
24875,Sheryll,Murray,Conservative,South East Cornwall,E14000938,Sheryll MURRAY (South East Cornwall),0,0,0,0,0
11132,Andrew,Murrison,Conservative,South West Wiltshire,E14000954,Andrew MURRISON (South West Wiltshire),0,0,0,0,0
24831,Lisa,Nandy,Labour,Wigan,E14001039,Lisa NANDY (Wigan),0,1,0,0,0
13736,Bob,Neill,Conservative,Bromley and Chislehurst,E14000604,Bob NEILL (Bromley and Chislehurst),0,0,1,0,0
25291,Gavin,Newlands,Scottish National Party,Paisley and Renfrewshire North,S14000052,Gavin NEWLANDS (Paisley and Renfrewshire North),0,0,0,0,0
25885,Charlotte,Nichols,Labour,Warrington North,E14001017,Charlotte NICHOLS (Warrington North),0,0,0,0,0
25865,Lia,Nici,Conservative,Great Grimsby,E14000716,Lia NICI (Great Grimsby),0,0,0,0,0
25281,John,Nicolson,Scottish National Party,Ochil and South Perthshire,S14000050,John NICOLSON (Ochil and South Perthshire),0,0,0,0,0
24809,Caroline,Nokes,Conservative,Romsey and Southampton North,E14000901,Caroline NOKES (Romsey and Southampton North),0,0,1,0,0
24827,Jesse,Norman,Conservative,Hereford and South Herefordshire,E14000743,Jesse NORMAN (Hereford and South Herefordshire),0,0,0,0,0
25687,Alex,Norris,Labour/Co-operative,Nottingham North,E14000866,Alex NORRIS (Nottingham North),0,0,0,0,0
25679,Neil,O'Brien,Conservative,Harborough,E14000728,Neil O'BRIEN (Harborough),0,0,0,0,0
25370,Brendan,O'Hara,Scottish National Party,Argyll and Bute,S14000005,Brendan O'HARA (Argyll and Bute),0,0,0,0,0
24955,Matthew,Offord,Conservative,Hendon,E14000741,Matthew OFFORD (Hendon),0,0,0,0,0
25596,Sarah,Olney,Liberal Democrat,Richmond Park,E14000896,Sarah OLNEY (Richmond Park),0,0,0,0,0
24807,Chi,Onwurah,Labour,Newcastle upon Tyne Central,E14000831,Chi ONWURAH (Newcastle upon Tyne Central),0,1,0,0,0
24962,Guy,Opperman,Conservative,Hexham,E14000746,Guy OPPERMAN (Hexham),0,0,1,1,0
25846,Abena,Oppong-Asare,Labour,Erith and Thamesmead,E14000696,Abena OPPONG-ASARE (Erith and Thamesmead),0,1,0,0,0
25365,Kate,Osamor,Labour/Co-operative,Edmonton,E14000687,Kate OSAMOR (Edmonton),1,0,0,0,0
25794,Kate,Osborne,Labour,Jarrow,E14000765,Kate OSBORNE (Jarrow),1,0,0,0,0
25294,Kirsten,Oswald,Scottish National Party,East Renfrewshire,S14000021,Kirsten OSWALD (East Renfrewshire),0,0,0,0,0
25915,Taiwo,Owatemi,Labour,Coventry North West,E14000650,Taiwo OWATEMI (Coventry North West),0,1,0,0,0
25823,Sarah,Owen,Labour,Luton North,E14000800,Sarah OWEN (Luton North),0,1,0,0,0
13852,Ian,Paisley Jnr,DUP,North Antrim,N06000012,Ian PAISLEY JNR (North Antrim),0,0,0,0,0
24778,Priti,Patel,Conservative,Witham,E14001045,Priti PATEL (Witham),0,0,0,0,0
24880,Mark,Pawsey,Conservative,Rugby,E14000905,Mark PAWSEY (Rugby),0,0,0,0,0
25617,Stephanie,Peacock,Labour,Barnsley East,E14000542,Stephanie PEACOCK (Barnsley East),0,1,0,0,0
11626,Mike,Penning,Conservative,Hemel Hempstead,E14000739,Mike PENNING (Hemel Hempstead),0,0,0,0,0
25379,Matthew,Pennycook,Labour,Greenwich and Woolwich,E14000718,Matthew PENNYCOOK (Greenwich and Woolwich),0,1,0,0,0
11924,John,Penrose,Conservative,Weston-Super-Mare,E14001038,John PENROSE (Weston-Super-Mare),0,0,0,0,1
24832,Andrew,Percy,Conservative,Brigg and Goole,E14000596,Andrew PERCY (Brigg and Goole),0,0,0,0,0
24845,Toby,Perkins,Labour,Chesterfield,E14000632,Toby PERKINS (Chesterfield),0,0,0,0,0
25364,Jess,Phillips,Labour,"Birmingham, Yardley",E14000568,"Jess PHILLIPS (Birmingham, Yardley)",0,0,0,0,0
24709,Bridget,Phillipson,Labour,Houghton and Sunderland South,E14000754,Bridget PHILLIPSON (Houghton and Sunderland South),0,0,0,0,0
25377,Chris,Philp,Conservative,Croydon South,E14000656,Chris PHILP (Croydon South),0,0,0,0,0
24747,Christopher,Pincher,Conservative,Tamworth,E14000986,Christopher PINCHER (Tamworth),0,0,0,0,1
25690,Luke,Pollard,Labour/Co-operative,"Plymouth, Sutton and Devonport",E14000880,"Luke POLLARD (Plymouth, Sutton and Devonport)",0,0,0,0,0
24756,Daniel,Poulter,Conservative,Central Suffolk and North Ipswich,E14000624,Daniel POULTER (Central Suffolk and North Ipswich),0,0,0,0,0
25407,Rebecca,Pow,Conservative,Taunton Deane,E14000988,Rebecca POW (Taunton Deane),0,0,0,0,0
25165,Lucy,Powell,Labour/Co-operative,Manchester Central,E14000807,Lucy POWELL (Manchester Central),0,1,0,0,0
25420,Victoria,Prentis,Conservative,Banbury,E14000539,Victoria PRENTIS (Banbury),0,0,1,0,0
11946,Mark,Pritchard,Conservative,The Wrekin,E14000992,Mark PRITCHARD (The Wrekin),0,0,0,0,0
25387,Tom,Pursglove,Conservative,Corby,E14000648,Tom PURSGLOVE (Corby),0,0,0,0,0
26020,Anum,Qaisar,Scottish National Party,Airdrie and Shotts,S14000003,Anum QAISAR (Airdrie and Shotts),0,0,0,0,0
25417,Jeremy,Quin,Conservative,Horsham,E14000753,Jeremy QUIN (Horsham),0,0,0,0,0
25403,Will,Quince,Conservative,Colchester,E14000644,Will QUINCE (Colchester),0,0,0,0,0
24775,Yasmin,Qureshi,Labour,Bolton South East,E14000579,Yasmin QURESHI (Bolton South East),0,0,0,0,0
24815,Dominic,Raab,Conservative,Esher and Walton,E14000697,Dominic RAAB (Esher and Walton),0,0,0,0,0
25837,Tom,Randall,Conservative,Gedling,E14000710,Tom RANDALL (Gedling),0,0,0,0,0
25429,Angela,Rayner,Labour,Ashton-under-Lyne,E14000537,Angela RAYNER (Ashton-under-Lyne),0,0,0,0,0
10499,John,Redwood,Conservative,Wokingham,E14001048,John REDWOOD (Wokingham),0,0,0,0,0
25170,Steve,Reed,Labour/Co-operative,Croydon North,E14000655,Steve REED (Croydon North),0,1,0,0,0
25332,Christina,Rees,Labour/Co-operative,Neath,W07000069,Christina REES (Neath),0,0,0,0,0
24926,Jacob,Rees-Mogg,Conservative,North East Somerset,E14000846,Jacob REES-MOGG (North East Somerset),0,0,0,0,1
25681,Ellie,Reeves,Labour,Lewisham West and Penge,E14000788,Ellie REEVES (Lewisham West and Penge),0,0,0,0,0
24851,Rachel,Reeves,Labour,Leeds West,E14000781,Rachel REEVES (Leeds West),0,0,0,0,0
24929,Jonathan,Reynolds,Labour/Co-operative,Stalybridge and Hyde,E14000967,Jonathan REYNOLDS (Stalybridge and Hyde),0,1,0,0,0
25856,Bell,Ribeiro-Addy,Labour,Streatham,E14000978,Bell RIBEIRO-ADDY (Streatham),1,0,0,0,0
25834,Nicola,Richards,Conservative,West Bromwich East,E14001029,Nicola RICHARDS (West Bromwich East),0,0,0,0,0
25827,Angela,Richardson,Conservative,Guildford,E14000719,Angela RICHARDSON (Guildford),0,0,0,0,0
25321,Marie,Rimmer,Labour,St Helens South and Whiston,E14000963,Marie RIMMER (St Helens South and Whiston),0,0,0,0,0
25852,Rob,Roberts,Independent,Delyn,W07000042,Rob ROBERTS (Delyn),0,0,0,0,0
10505,Laurence,Robertson,Conservative,Tewkesbury,E14000990,Laurence ROBERTSON (Tewkesbury),0,0,0,0,0
25280,Gavin,Robinson,DUP,Belfast East,N06000001,Gavin ROBINSON (Belfast East),0,0,0,0,0
25405,Mary,Robinson,Conservative,Cheadle,E14000627,Mary ROBINSON (Cheadle),0,0,0,0,0
25691,Matt,Rodda,Labour,Reading East,E14000889,Matt RODDA (Reading East),0,0,0,0,0
11199,Andrew,Rosindell,Conservative,Romford,E14000900,Andrew ROSINDELL (Romford),0,0,0,0,0
25531,Douglas,Ross,Conservative,Moray,S14000046,Douglas ROSS (Moray),0,0,0,0,0
25685,Lee,Rowley,Conservative,North East Derbyshire,E14000843,Lee ROWLEY (North East Derbyshire),0,0,0,0,0
25828,Dean,Russell,Conservative,Watford,E14001021,Dean RUSSELL (Watford),0,0,0,0,0
25667,Lloyd,Russell-Moyle,Labour/Co-operative,"Brighton, Kemptown",E14000597,"Lloyd RUSSELL-MOYLE (Brighton, Kemptown)",1,0,0,0,0
24820,David,Rutley,Conservative,Macclesfield,E14000802,David RUTLEY (Macclesfield),0,0,0,0,0
25887,Gary,Sambrook,Conservative,"Birmingham, Northfield",E14000565,"Gary SAMBROOK (Birmingham, Northfield)",0,0,0,0,0
25302,Liz,Saville-Roberts,Plaid Cymru,Dwyfor Meirionnydd,W07000061,Liz SAVILLE-ROBERTS (Dwyfor Meirionnydd),0,0,0,0,0
25880,Selaine,Saxby,Conservative,North Devon,E14000838,Selaine SAXBY (North Devon),0,0,0,0,0
25331,Paul,Scully,Conservative,Sutton and Cheam,E14000984,Paul SCULLY (Sutton and Cheam),0,0,0,0,0
25645,Bob,Seely,Conservative,Isle of Wight,E14000762,Bob SEELY (Isle of Wight),0,0,0,0,0
11216,Andrew,Selous,Conservative,South West Bedfordshire,E14000949,Andrew SELOUS (South West Bedfordshire),0,0,0,0,0
25385,Naseem,Shah,Labour,Bradford West,E14000589,Naseem SHAH (Bradford West),0,0,0,0,0
13864,Jim,Shannon,DUP,Strangford,N06000016,Jim SHANNON (Strangford),0,0,0,0,0
11917,Grant,Shapps,Conservative,Welwyn Hatfield,E14001027,Grant SHAPPS (Welwyn Hatfield),0,0,0,0,0
24902,Alok,Sharma,Conservative,Reading West,E14000890,Alok SHARMA (Reading West),0,0,0,0,0
13934,Virendra,Sharma,Labour,"Ealing, Southall",E14000676,"Virendra SHARMA (Ealing, Southall)",0,0,0,0,0
10534,Barry,Sheerman,Labour/Co-operative,Huddersfield,E14000756,Barry SHEERMAN (Huddersfield),0,0,0,0,0
24893,Alec,Shelbrooke,Conservative,Elmet and Rothwell,E14000689,Alec SHELBROOKE (Elmet and Rothwell),0,0,0,0,1
25341,Tommy,Sheppard,Scottish National Party,Edinburgh East,S14000022,Tommy SHEPPARD (Edinburgh East),0,0,0,0,0
25344,Tulip,Siddiq,Labour,Hampstead and Kilburn,E14000727,Tulip SIDDIQ (Hampstead and Kilburn),0,0,0,0,0
25892,David,Simmonds,Conservative,"Ruislip, Northwood and Pinner",E14000906,"David SIMMONDS (Ruislip, Northwood and Pinner)",0,0,0,0,0
24713,Chris,Skidmore,Conservative,Kingswood,E14000774,Chris SKIDMORE (Kingswood),0,0,0,0,0
11559,Andrew,Slaughter,Labour,Hammersmith,E14000726,Andrew SLAUGHTER (Hammersmith),0,1,0,0,0
25848,Alyn,Smith,Scottish National Party,Stirling,S14000057,Alyn SMITH (Stirling),0,0,0,0,0
25432,Cat,Smith,Labour,Lancaster and Fleetwood,E14000776,Cat SMITH (Lancaster and Fleetwood),0,0,0,0,0
24691,Chloe,Smith,Conservative,Norwich North,E14000863,Chloe SMITH (Norwich North),0,0,1,0,0
25925,Greg,Smith,Conservative,Buckingham,E14000608,Greg SMITH (Buckingham),0,0,0,0,0
24802,Henry,Smith,Conservative,Crawley,E14000652,Henry SMITH (Crawley),0,0,0,0,1
25366,Jeff,Smith,Labour,"Manchester, Withington",E14000809,"Jeff SMITH (Manchester, Withington)",0,1,0,0,0
24961,Julian,Smith,Conservative,Skipton and Ripon,E14000928,Julian SMITH (Skipton and Ripon),0,0,0,0,0
24728,Nick,Smith,Labour,Blaenau Gwent,W07000072,Nick SMITH (Blaenau Gwent),0,1,0,0,0
25345,Royston,Smith,Conservative,"Southampton, Itchen",E14000955,"Royston SMITH (Southampton, Itchen)",0,0,0,0,0
25390,Karin,Smyth,Labour,Bristol South,E14000601,Karin SMYTH (Bristol South),0,1,0,0,0
25680,Alex,Sobel,Labour/Co-operative,Leeds North West,E14000780,Alex SOBEL (Leeds North West),0,1,0,0,0
25436,Amanda,Solloway,Conservative,Derby North,E14000662,Amanda SOLLOWAY (Derby North),0,0,0,0,0
10558,John,Spellar,Labour,Warley,E14001016,John SPELLAR (Warley),0,0,0,0,0
25889,Ben,Spencer,Conservative,Runnymede and Weybridge,E14000907,Ben SPENCER (Runnymede and Weybridge),0,0,0,0,0
24909,Mark,Spencer,Conservative,Sherwood,E14000924,Mark SPENCER (Sherwood),0,0,0,0,0
25864,Alexander,Stafford,Conservative,Rother Valley,E14000903,Alexander STAFFORD (Rother Valley),0,0,0,0,0
25353,Keir,Starmer,Labour,Holborn and St Pancras,E14000750,Keir STARMER (Holborn and St Pancras),0,1,0,0,0
25306,Chris,Stephens,Scottish National Party,Glasgow South West,S14000035,Chris STEPHENS (Glasgow South West),0,0,0,0,0
24759,Andrew,Stephenson,Conservative,Pendle,E14000875,Andrew STEPHENSON (Pendle),0,0,0,0,0
25304,Jo,Stevens,Labour,Cardiff Central,W07000050,Jo STEVENS (Cardiff Central),0,1,0,0,0
25807,Jane,Stevenson,Conservative,Wolverhampton North East,E14001049,Jane STEVENSON (Wolverhampton North East),0,0,0,0,0
24799,John,Stevenson,Conservative,Carlisle,E14000620,John STEVENSON (Carlisle),0,0,0,0,0
24907,Bob,Stewart,Conservative,Beckenham,E14000551,Bob STEWART (Beckenham),0,0,0,0,0
24947,Iain,Stewart,Conservative,Milton Keynes South,E14000822,Iain STEWART (Milton Keynes South),0,0,0,0,0
25668,Jamie,Stone,Liberal Democrat,"Caithness, Sutherland and Easter Ross",S14000009,"Jamie STONE (Caithness, Sutherland and Easter Ross)",0,0,0,0,0
10575,Gary,Streeter,Conservative,South West Devon,E14000950,Gary STREETER (South West Devon),0,0,0,0,0
25320,Wes,Streeting,Labour,Ilford North,E14000759,Wes STREETING (Ilford North),0,0,0,0,0
24914,Mel,Stride,Conservative,Central Devon,E14000623,Mel STRIDE (Central Devon),0,0,0,0,0
10576,Graham,Stringer,Labour,Blackley and Broughton,E14000571,Graham STRINGER (Blackley and Broughton),0,0,0,0,0
11406,Graham,Stuart,Conservative,Beverley and Holderness,E14000556,Graham STUART (Beverley and Holderness),0,0,0,0,0
24853,Julian,Sturdy,Conservative,York Outer,E14001062,Julian STURDY (York Outer),0,0,0,0,0
25909,Zarah,Sultana,Labour,Coventry South,E14000651,Zarah SULTANA (Coventry South),1,0,0,0,0
25428,Rishi,Sunak,Conservative,Richmond (Yorks),E14000895,Rishi SUNAK (Richmond (Yorks)),0,0,0,0,0
25860,James,Sunderland,Conservative,Bracknell,E14000586,James SUNDERLAND (Bracknell),0,0,0,0,0
10580,Desmond,Swayne,Conservative,New Forest West,E14000828,Desmond SWAYNE (New Forest West),0,0,0,0,1
10582,Robert,Syms,Conservative,Poole,E14000881,Robert SYMS (Poole),0,0,0,0,0
11267,Mark,Tami,Labour,Alyn and Deeside,W07000043,Mark TAMI (Alyn and Deeside),0,0,0,0,0
25912,Sam,Tarry,Labour,Ilford South,E14000760,Sam TARRY (Ilford South),1,0,0,0,0
25327,Alison,Thewliss,Scottish National Party,Glasgow Central,S14000029,Alison THEWLISS (Glasgow Central),0,0,0,0,0
25440,Derek,Thomas,Conservative,St Ives,E14000964,Derek THOMAS (St Ives),0,0,0,0,0
10594,Gareth,Thomas,Labour/Co-operative,Harrow West,E14000732,Gareth THOMAS (Harrow West),0,1,0,0,0
25279,Nick,Thomas-Symonds,Labour,Torfaen,W07000053,Nick THOMAS-SYMONDS (Torfaen),0,1,0,0,0
25278,Owen,Thompson,Scottish National Party,Midlothian,S14000045,Owen THOMPSON (Midlothian),0,0,0,0,0
25919,Richard,Thomson,Scottish National Party,Gordon,S14000037,Richard THOMSON (Gordon),0,0,0,0,0
11656,Emily,Thornberry,Labour,Islington South and Finsbury,E14000764,Emily THORNBERRY (Islington South and Finsbury),0,1,0,0,0
25371,Maggie,Throup,Conservative,Erewash,E14000695,Maggie THROUP (Erewash),0,0,0,0,0
10596,Stephen,Timms,Labour,East Ham,E14000679,Stephen TIMMS (East Ham),0,1,0,0,0
14128,Edward,Timpson,Conservative,Eddisbury,E14000686,Edward TIMPSON (Eddisbury),0,0,0,0,0
25430,Kelly,Tolhurst,Conservative,Rochester and Strood,E14000898,Kelly TOLHURST (Rochester and Strood),0,0,0,0,0
24870,Justin,Tomlinson,Conservative,North Swindon,E14000851,Justin TOMLINSON (North Swindon),0,0,0,0,0
25422,Michael,Tomlinson,Conservative,Mid Dorset and North Poole,E14000815,Michael TOMLINSON (Mid Dorset and North Poole),0,0,0,0,1
25290,Craig,Tracey,Conservative,North Warwickshire,E14000854,Craig TRACEY (North Warwickshire),0,0,0,0,0
25439,Anne-Marie,Trevelyan,Conservative,Berwick-upon-Tweed,E14000554,Anne-Marie TREVELYAN (Berwick-upon-Tweed),0,0,0,0,0
10604,Jon,Trickett,Labour,Hemsworth,E14000740,Jon TRICKETT (Hemsworth),1,0,0,0,0
25851,Laura,Trott,Conservative,Sevenoaks,E14000918,Laura TROTT (Sevenoaks),0,0,0,0,0
24941,Elizabeth,Truss,Conservative,South West Norfolk,E14000952,Elizabeth TRUSS (South West Norfolk),0,0,0,0,0
25374,Thomas,Tugendhat,Conservative,Tonbridge and Malling,E14000997,Thomas TUGENDHAT (Tonbridge and Malling),0,0,1,1,0
24767,Karl,Turner,Labour,Kingston upon Hull East,E14000771,Karl TURNER (Kingston upon Hull East),0,1,0,0,0
10610,Derek,Twigg,Labour,Halton,E14000725,Derek TWIGG (Halton),0,0,0,0,0
25623,Liz,Twist,Labour,Blaydon,E14000574,Liz TWIST (Blaydon),0,0,0,0,0
11475,Shailesh,Vara,Conservative,North West Cambridgeshire,E14000855,Shailesh VARA (North West Cambridgeshire),0,0,0,0,0
24852,Valerie,Vaz,Labour,Walsall South,E14001012,Valerie VAZ (Walsall South),0,0,0,0,0
24814,Martin,Vickers,Conservative,Cleethorpes,E14000643,Martin VICKERS (Cleethorpes),0,0,0,0,1
25853,Matt,Vickers,Conservative,Stockton South,E14000971,Matt VICKERS (Stockton South),0,0,0,0,0
11500,Theresa,Villiers,Conservative,Chipping Barnet,E14000636,Theresa VILLIERS (Chipping Barnet),0,0,0,0,0
25874,Christian,Wakeford,Labour,Bury South,E14000612,Christian WAKEFORD (Bury South),0,0,0,0,0
11461,Charles,Walker,Conservative,Broxbourne,E14000606,Charles WALKER (Broxbourne),0,0,0,0,0
24862,Robin,Walker,Conservative,Worcester,E14001052,Robin WALKER (Worcester),0,0,0,1,0
11668,Ben,Wallace,Conservative,Wyre and Preston North,E14001057,Ben WALLACE (Wyre and Preston North),0,0,0,0,0
25829,Jamie,Wallis,Conservative,Bridgend,W07000073,Jamie WALLIS (Bridgend),0,0,0,0,0
25395,Matt,Warman,Conservative,Boston and Skegness,E14000582,Matt WARMAN (Boston and Skegness),0,0,0,0,0
25644,Giles,Watling,Conservative,Clacton,E14000642,Giles WATLING (Clacton),0,0,0,0,0
25926,Suzanne,Webb,Conservative,Stourbridge,E14000976,Suzanne WEBB (Stourbridge),0,0,0,0,0
25797,Claudia,Webbe,Independent,Leicester East,E14000782,Claudia WEBBE (Leicester East),1,0,0,0,0
25328,Catherine,West,Labour,Hornsey and Wood Green,E14000752,Catherine WEST (Hornsey and Wood Green),0,0,0,0,0
26120,Andrew,Western,Labour,Stretford and Urmston,E14000979,Andrew WESTERN (Stretford and Urmston),0,0,0,0,0
25701,Matt,Western,Labour,Warwick and Leamington,E14001019,Matt WESTERN (Warwick and Leamington),0,0,0,0,0
25398,Helen,Whately,Conservative,Faversham and Mid Kent,E14000700,Helen WHATELY (Faversham and Mid Kent),0,0,0,0,0
24769,Heather,Wheeler,Conservative,South Derbyshire,E14000935,Heather WHEELER (South Derbyshire),0,0,0,0,0
10630,Alan,Whitehead,Labour,"Southampton, Test",E14000956,"Alan WHITEHEAD (Southampton, Test)",0,1,0,0,0
25318,Philippa,Whitford,Scottish National Party,Central Ayrshire,S14000010,Philippa WHITFORD (Central Ayrshire),0,0,0,0,0
25798,Mick,Whitley,Labour,Birkenhead,E14000559,Mick WHITLEY (Birkenhead),0,0,0,0,0
24944,Craig,Whittaker,Conservative,Calder Valley,E14000614,Craig WHITTAKER (Calder Valley),0,0,0,0,0
10632,John,Whittingdale,Conservative,Maldon,E14000806,John WHITTINGDALE (Maldon),0,0,0,0,1
25845,Nadia,Whittome,Labour,Nottingham East,E14000865,Nadia WHITTOME (Nottingham East),1,0,0,0,0
11318,Bill,Wiggin,Conservative,North Herefordshire,E14000847,Bill WIGGIN (North Herefordshire),0,0,0,0,1
25866,James,Wild,Conservative,North West Norfolk,E14000859,James WILD (North West Norfolk),0,0,0,0,0
25329,Craig,Williams,Conservative,Montgomeryshire,W07000063,Craig WILLIAMS (Montgomeryshire),0,0,0,0,0
11323,Hywel,Williams,Plaid Cymru,Arfon,W07000057,Hywel WILLIAMS (Arfon),0,0,0,0,0
24729,Gavin,Williamson,Conservative,South Staffordshire,E14000945,Gavin WILLIAMSON (South Staffordshire),0,0,0,0,0
25820,Munira,Wilson,Liberal Democrat,Twickenham,E14001005,Munira WILSON (Twickenham),0,0,0,0,0
11374,Sammy,Wilson,DUP,East Antrim,N06000005,Sammy WILSON (East Antrim),0,0,0,0,0
25826,Beth,Winter,Labour,Cynon Valley,W07000070,Beth WINTER (Cynon Valley),1,0,0,0,0
10648,Rosie,Winterton,Labour,Doncaster Central,E14000668,Rosie WINTERTON (Doncaster Central),0,0,0,0,0
11333,Pete,Wishart,Scottish National Party,Perth and North Perthshire,S14000054,Pete WISHART (Perth and North Perthshire),0,0,0,0,0
25362,Mike,Wood,Conservative,Dudley South,E14000672,Mike WOOD (Dudley South),0,0,0,0,1
25360,William,Wragg,Conservative,Hazel Grove,E14000738,William WRAGG (Hazel Grove),0,0,0,0,0
11791,Jeremy,Wright,Conservative,Kenilworth and Southam,E14000767,Jeremy WRIGHT (Kenilworth and Southam),0,0,0,0,0
25649,Mohammad,Yasin,Labour,Bedford,E14000552,Mohammad YASIN (Bedford),0,0,0,0,0
25806,Jacob,Young,Conservative,Redcar,E14000891,Jacob YOUNG (Redcar),0,0,0,0,0
24822,Nadhim,Zahawi,Conservative,Stratford-on-Avon,E14000977,Nadhim ZAHAWI (Stratford-on-Avon),0,0,0,0,0
25386,Daniel,Zeichner,Labour,Cambridge,E14000617,Daniel ZEICHNER (Cambridge),0,1,0,0,0
26123,Ashley,Dalton,Labour,West Lancashire,E14001033,Ashley DALTON (West Lancashire),0,0,0,0,0
26271,Keir,Mather,Labour,Selby and Ainsty,E14000917,Keir MATHER (Selby and Ainsty),0,0,0,0,0
26269,Steve,Tuckwell,Conservative,Uxbridge and South Ruislip,E14001007,Steve TUCKWELL (Uxbridge and South Ruislip),0,0,0,0,0
26270,Sarah,Dyke,Liberal Democrat,Somerton and Frome,E14000932,Sarah DYKE (Somerton and Frome),0,0,0,0,0
